Suburb,service
Abbotsford (NSW),roofer
Annandale (NSW),roofer
Artarmon,roofer
Ashfield (NSW),roofer
Balmain,roofer
Balmain East,roofer
Barangaroo,roofer
Birchgrove,roofer
Breakfast Point,roofer
Burwood (NSW),roofer
Burwood Heights,roofer
Cabarita (NSW),roofer
Cammeray,roofer
Camperdown (NSW),roofer
Canada Bay,roofer
Carlingford,roofer
Castle Cove,roofer
Castlecrag,roofer
Centennial Park (NSW),roofer
Chatswood,roofer
Chatswood West,roofer
Chippendale,roofer
Chiswick,roofer
Clyde (NSW),roofer
Concord,roofer
Concord West,roofer
Constitution Hill,roofer
Cremorne (NSW),roofer
Cremorne Point,roofer
Crows Nest (NSW),roofer
Croydon (NSW),roofer
Croydon Park (NSW),roofer
Darlinghurst,roofer
Darlington (Sydney - NSW),roofer
Dawes Point,roofer
Denistone,roofer
Denistone East,roofer
Denistone West,roofer
Drummoyne,roofer
Dulwich Hill,roofer
Dundas (NSW),roofer
Dundas Valley,roofer
East Ryde,roofer
Eastwood (NSW),roofer
Elizabeth Bay,roofer
Enfield (NSW),roofer
Enmore (Inner West - NSW),roofer
Epping (NSW),roofer
Ermington,roofer
Erskineville,roofer
Eveleigh,roofer
Five Dock,roofer
Forest Lodge,roofer
Gladesville,roofer
Glebe (NSW),roofer
Greenwich,roofer
Haberfield,roofer
Harris Park,roofer
Haymarket,roofer
Henley,roofer
Homebush (NSW),roofer
Homebush West,roofer
Hunters Hill,roofer
Huntleys Cove,roofer
Huntleys Point,roofer
Kirribilli,roofer
Kurraba Point,roofer
Lane Cove,roofer
Lane Cove North,roofer
Lane Cove West,roofer
Lavender Bay,roofer
Leichhardt (NSW),roofer
Lewisham (NSW),roofer
Liberty Grove,roofer
Lilyfield,roofer
Linley Point,roofer
Longueville,roofer
Macquarie Park,roofer
Marrickville,roofer
Marsfield,roofer
Mays Hill,roofer
McMahons Point,roofer
Meadowbank (NSW),roofer
Melrose Park (NSW),roofer
Middle Cove,roofer
Millers Point,roofer
Milsons Point,roofer
Moore Park,roofer
Mortlake (NSW),roofer
Mosman,roofer
Naremburn,roofer
Neutral Bay,roofer
Newington (NSW),roofer
Newtown (NSW),roofer
North Parramatta,roofer
North Rocks,roofer
North Ryde,roofer
North Strathfield,roofer
North Sydney,roofer
North Willoughby,roofer
Northbridge (NSW),roofer
Northmead,roofer
Northwood (NSW),roofer
Oatlands (NSW),roofer
Old Toongabbie,roofer
Paddington (NSW),roofer
Parramatta,roofer
Pendle Hill,roofer
Petersham,roofer
Potts Point,roofer
Putney,roofer
Pyrmont,roofer
Redfern,roofer
Rhodes,roofer
Riverview (NSW),roofer
Rodd Point,roofer
Rosehill (NSW),roofer
Rozelle,roofer
Rushcutters Bay,roofer
Russell Lea,roofer
Rydalmere,roofer
Ryde,roofer
Silverwater (Parramatta - NSW),roofer
St Leonards (NSW),roofer
St Peters (NSW),roofer
Stanmore (NSW),roofer
Strathfield (NSW),roofer
Strathfield South,roofer
Summer Hill (Inner West - NSW),roofer
Surry Hills,roofer
Sydenham (NSW),roofer
Sydney,roofer
Sydney Olympic Park,roofer
Telopea,roofer
Tempe,roofer
Tennyson Point,roofer
The Rocks (Sydney - NSW),roofer
Ultimo,roofer
Wareemba,roofer
Waterloo (NSW),roofer
Waverton,roofer
Wentworth Point,roofer
Wentworthville,roofer
West Ryde,roofer
Willoughby (NSW),roofer
Willoughby East,roofer
Winston Hills,roofer
Wollstonecraft,roofer
Woolloomooloo,roofer
Woolwich,roofer